rank,lambda,mse,rmse
10,0.010000,11.667623,3.415790
10,0.100000,11.771280,3.430930
